Country,Year,Сума ВВП 2020-2025рр,Середній річний приріст ВВП ($),Середнє річне зростання ВВП,Зростання ВВП (%),Кількість років зростання,Загальне зростання ВВП 2020-2025
Afghanistan,2020,$20136,,,,,
Afghanistan,2021,$14278,-5858,"-29,09%","-29,09%",0,
Afghanistan,2022,$14501,223,"1,56%","1,56%",1,
Afghanistan,2023,$17248,2747,"18,94%","18,94%",1,
Albania,2020,$15271,,,,,"85,79%"
Albania,2021,$18086,2815,"18,43%","18,43%",1,"85,79%"
Albania,2022,$19185,1099,"6,08%","6,08%",1,"85,79%"
Albania,2023,$23388,4203,"21,91%","21,91%",1,"85,79%"
Albania,2024,$27259,3871,"16,55%","16,55%",1,"85,79%"
Albania,2025,$28372,1113,"4,08%","4,08%",1,"85,79%"
Algeria,2020,$164774,,,,,"63,18%"
Algeria,2021,$185850,21076,"12,79%","12,79%",1,"63,18%"
Algeria,2022,$225709,39859,"21,45%","21,45%",1,"63,18%"
Algeria,2023,$247789,22080,"9,78%","9,78%",1,"63,18%"
Algeria,2024,$264913,17124,"6,91%","6,91%",1,"63,18%"
Algeria,2025,$268885,3972,"1,50%","1,50%",1,"63,18%"
Andorra,2020,$2885,,,,,"39,86%"
Andorra,2021,$3325,440,"15,25%","15,25%",1,"39,86%"
Andorra,2022,$3376,51,"1,53%","1,53%",1,"39,86%"
Andorra,2023,$3786,410,"12,14%","12,14%",1,"39,86%"
Andorra,2024,$4038,252,"6,66%","6,66%",1,"39,86%"
Andorra,2025,$4035,-3,"-0,07%","-0,07%",0,"39,86%"
Angola,2020,$66521,,,,,"70,39%"
Angola,2021,$84375,17854,"26,84%","26,84%",1,"70,39%"
Angola,2022,$142442,58067,"68,82%","68,82%",1,"70,39%"
Angola,2023,$109764,-32678,"-22,94%","-22,94%",0,"70,39%"
Angola,2024,$115946,6182,"5,63%","5,63%",1,"70,39%"
Angola,2025,$113343,-2603,"-2,25%","-2,25%",0,"70,39%"
Antigua and Barbuda,2020,$1412,,,,,"68,06%"
Antigua and Barbuda,2021,$1602,190,"13,46%","13,46%",1,"68,06%"
Antigua and Barbuda,2022,$1867,265,"16,54%","16,54%",1,"68,06%"
Antigua and Barbuda,2023,$2006,139,"7,45%","7,45%",1,"68,06%"
Antigua and Barbuda,2024,$2225,219,"10,92%","10,92%",1,"68,06%"
Antigua and Barbuda,2025,$2373,148,"6,65%","6,65%",1,"68,06%"
Argentina,2020,$385218,,,,,"77,44%"
Argentina,2021,$486040,100822,"26,17%","26,17%",1,"77,44%"
Argentina,2022,$632318,146278,"30,10%","30,10%",1,"77,44%"
Argentina,2023,$645511,13193,"2,09%","2,09%",1,"77,44%"
Argentina,2024,$632145,-13366,"-2,07%","-2,07%",0,"77,44%"
Argentina,2025,$683533,51388,"8,13%","8,13%",1,"77,44%"
Armenia,2020,$12642,,,,,"107,70%"
Armenia,2021,$13879,1237,"9,78%","9,78%",1,"107,70%"
Armenia,2022,$19514,5635,"40,60%","40,60%",1,"107,70%"
Armenia,2023,$24086,4572,"23,43%","23,43%",1,"107,70%"
Armenia,2024,$25533,1447,"6,01%","6,01%",1,"107,70%"
Armenia,2025,$26258,725,"2,84%","2,84%",1,"107,70%"
Aruba,2020,$2486,,,,,"64,92%"
Aruba,2021,$2929,443,"17,82%","17,82%",1,"64,92%"
Aruba,2022,$3279,350,"11,95%","11,95%",1,"64,92%"
Aruba,2023,$3649,370,"11,28%","11,28%",1,"64,92%"
Aruba,2024,$3952,303,"8,30%","8,30%",1,"64,92%"
Aruba,2025,$4100,148,"3,74%","3,74%",1,"64,92%"
Australia,2020,$1362613,,,,,"30,02%"
Australia,2021,$1655843,293230,"21,52%","21,52%",1,"30,02%"
Australia,2022,$1725461,69618,"4,20%","4,20%",1,"30,02%"
Australia,2023,$1742461,17000,"0,99%","0,99%",1,"30,02%"
Australia,2024,$1796805,54344,"3,12%","3,12%",1,"30,02%"
Australia,2025,$1771681,-25124,"-1,40%","-1,40%",0,"30,02%"
Austria,2020,$434050,,,,,"23,10%"
Austria,2021,$480786,46736,"10,77%","10,77%",1,"23,10%"
Austria,2022,$472339,-8447,"-1,76%","-1,76%",0,"23,10%"
Austria,2023,$512509,40170,"8,50%","8,50%",1,"23,10%"
Austria,2024,$521269,8760,"1,71%","1,71%",1,"23,10%"
Austria,2025,$534301,13032,"2,50%","2,50%",1,"23,10%"
Azerbaijan,2020,$42693,,,,,"84,74%"
Azerbaijan,2021,$54825,12132,"28,42%","28,42%",1,"84,74%"
Azerbaijan,2022,$78807,23982,"43,74%","43,74%",1,"84,74%"
Azerbaijan,2023,$72428,-6379,"-8,09%","-8,09%",0,"84,74%"
Azerbaijan,2024,$74316,1888,"2,61%","2,61%",1,"84,74%"
Azerbaijan,2025,$78870,4554,"6,13%","6,13%",1,"84,74%"
Bahamas,2020,$9958,,,,,"52,42%"
Bahamas,2021,$11369,1411,"14,17%","14,17%",1,"52,42%"
Bahamas,2022,$13136,1767,"15,54%","15,54%",1,"52,42%"
Bahamas,2023,$14338,1202,"9,15%","9,15%",1,"52,42%"
Bahamas,2024,$14761,423,"2,95%","2,95%",1,"52,42%"
Bahamas,2025,$15178,417,"2,83%","2,83%",1,"52,42%"
Bahrain,2020,$35838,,,,,"33,46%"
Bahrain,2021,$40840,5002,"13,96%","13,96%",1,"33,46%"
Bahrain,2022,$46458,5618,"13,76%","13,76%",1,"33,46%"
Bahrain,2023,$46192,-266,"-0,57%","-0,57%",0,"33,46%"
Bahrain,2024,$46943,751,"1,63%","1,63%",1,"33,46%"
Bahrain,2025,$47829,886,"1,89%","1,89%",1,"33,46%"
Bangladesh,2020,$373902,,,,,"24,96%"
Bangladesh,2021,$416265,42363,"11,33%","11,33%",1,"24,96%"
Bangladesh,2022,$460201,43936,"10,55%","10,55%",1,"24,96%"
Bangladesh,2023,$451534,-8667,"-1,88%","-1,88%",0,"24,96%"
Bangladesh,2024,$451096,-438,"-0,10%","-0,10%",0,"24,96%"
Bangladesh,2025,$467218,16122,"3,57%","3,57%",1,"24,96%"
Barbados,2020,$5168,,,,,"46,13%"
Barbados,2021,$5275,107,"2,07%","2,07%",1,"46,13%"
Barbados,2022,$6257,982,"18,62%","18,62%",1,"46,13%"
Barbados,2023,$6721,464,"7,42%","7,42%",1,"46,13%"
Barbados,2024,$7167,446,"6,64%","6,64%",1,"46,13%"
Barbados,2025,$7552,385,"5,37%","5,37%",1,"46,13%"
Belarus,2020,$61312,,,,,"16,72%"
Belarus,2021,$68207,6895,"11,25%","11,25%",1,"16,72%"
Belarus,2022,$73735,5528,"8,10%","8,10%",1,"16,72%"
Belarus,2023,$71792,-1943,"-2,64%","-2,64%",0,"16,72%"
Belarus,2024,$71180,-612,"-0,85%","-0,85%",0,"16,72%"
Belarus,2025,$71561,381,"0,54%","0,54%",1,"16,72%"
Belgium,2020,$529269,,,,,"29,40%"
Belgium,2021,$598892,69623,"13,15%","13,15%",1,"29,40%"
Belgium,2022,$593906,-4986,"-0,83%","-0,83%",0,"29,40%"
Belgium,2023,$644968,51062,"8,60%","8,60%",1,"29,40%"
Belgium,2024,$664965,19997,"3,10%","3,10%",1,"29,40%"
Belgium,2025,$684864,19899,"2,99%","2,99%",1,"29,40%"
Belize,2020,$2043,,,,,"76,75%"
Belize,2021,$2421,378,"18,50%","18,50%",1,"76,75%"
Belize,2022,$2847,426,"17,60%","17,60%",1,"76,75%"
Belize,2023,$3067,220,"7,73%","7,73%",1,"76,75%"
Belize,2024,$3427,360,"11,74%","11,74%",1,"76,75%"
Belize,2025,$3611,184,"5,37%","5,37%",1,"76,75%"
Benin,2020,$15674,,,,,"41,87%"
Benin,2021,$17699,2025,"12,92%","12,92%",1,"41,87%"
Benin,2022,$17439,-260,"-1,47%","-1,47%",0,"41,87%"
Benin,2023,$19679,2240,"12,84%","12,84%",1,"41,87%"
Benin,2024,$21249,1570,"7,98%","7,98%",1,"41,87%"
Benin,2025,$22236,987,"4,64%","4,64%",1,"41,87%"
Bhutan,2020,$2586,,,,,"32,33%"
Bhutan,2021,$2623,37,"1,43%","1,43%",1,"32,33%"
Bhutan,2022,$2869,246,"9,38%","9,38%",1,"32,33%"
Bhutan,2023,$2923,54,"1,88%","1,88%",1,"32,33%"
Bhutan,2024,$3092,169,"5,78%","5,78%",1,"32,33%"
Bhutan,2025,$3422,330,"10,67%","10,67%",1,"32,33%"
Bolivia,2020,$36897,,,,,"52,69%"
Bolivia,2021,$40701,3804,"10,31%","10,31%",1,"52,69%"
Bolivia,2022,$44329,3628,"8,91%","8,91%",1,"52,69%"
Bolivia,2023,$45464,1135,"2,56%","2,56%",1,"52,69%"
Bolivia,2024,$48404,2940,"6,47%","6,47%",1,"52,69%"
Bolivia,2025,$56339,7935,"16,39%","16,39%",1,"52,69%"
Bosnia and Herzegovina,2020,$20226,,,,,"42,43%"
Bosnia and Herzegovina,2021,$23673,3447,"17,04%","17,04%",1,"42,43%"
Bosnia and Herzegovina,2022,$24535,862,"3,64%","3,64%",1,"42,43%"
Bosnia and Herzegovina,2023,$27592,3057,"12,46%","12,46%",1,"42,43%"
Bosnia and Herzegovina,2024,$28795,1203,"4,36%","4,36%",1,"42,43%"
Bosnia and Herzegovina,2025,$28807,12,"0,04%","0,04%",1,"42,43%"
Botswana,2020,$14930,,,,,"29,94%"
Botswana,2021,$18750,3820,"25,59%","25,59%",1,"29,94%"
Botswana,2022,$20321,1571,"8,38%","8,38%",1,"29,94%"
Botswana,2023,$19411,-910,"-4,48%","-4,48%",0,"29,94%"
Botswana,2024,$19356,-55,"-0,28%","-0,28%",0,"29,94%"
Botswana,2025,$19400,44,"0,23%","0,23%",1,"29,94%"
Brazil,2020,$1476092,,,,,"44,03%"
Brazil,2021,$1670650,194558,"13,18%","13,18%",1,"44,03%"
Brazil,2022,$1951849,281199,"16,83%","16,83%",1,"44,03%"
Brazil,2023,$2191137,239288,"12,26%","12,26%",1,"44,03%"
Brazil,2024,$2171337,-19800,"-0,90%","-0,90%",0,"44,03%"
Brazil,2025,$2125958,-45379,"-2,09%","-2,09%",0,"44,03%"
Brunei,2020,$12006,,,,,"33,33%"
Brunei,2021,$14006,2000,"16,66%","16,66%",1,"33,33%"
Brunei,2022,$16682,2676,"19,11%","19,11%",1,"33,33%"
Brunei,2023,$15095,-1587,"-9,51%","-9,51%",0,"33,33%"
Brunei,2024,$15463,368,"2,44%","2,44%",1,"33,33%"
Brunei,2025,$16007,544,"3,52%","3,52%",1,"33,33%"
Bulgaria,2020,$70658,,,,,"65,60%"
Bulgaria,2021,$84477,13819,"19,56%","19,56%",1,"65,60%"
Bulgaria,2022,$90719,6242,"7,39%","7,39%",1,"65,60%"
Bulgaria,2023,$102434,11715,"12,91%","12,91%",1,"65,60%"
Bulgaria,2024,$112232,9798,"9,57%","9,57%",1,"65,60%"
Bulgaria,2025,$117007,4775,"4,25%","4,25%",1,"65,60%"
Burkina Faso,2020,$17837,,,,,"51,68%"
Burkina Faso,2021,$19747,1910,"10,71%","10,71%",1,"51,68%"
Burkina Faso,2022,$19588,-159,"-0,81%","-0,81%",0,"51,68%"
Burkina Faso,2023,$21181,1593,"8,13%","8,13%",1,"51,68%"
Burkina Faso,2024,$23975,2794,"13,19%","13,19%",1,"51,68%"
Burkina Faso,2025,$27056,3081,"12,85%","12,85%",1,"51,68%"
Burundi,2020,$3089,,,,,"118,36%"
Burundi,2021,$3356,267,"8,64%","8,64%",1,"118,36%"
Burundi,2022,$3922,566,"16,87%","16,87%",1,"118,36%"
Burundi,2023,$4246,324,"8,26%","8,26%",1,"118,36%"
Burundi,2024,$4743,497,"11,71%","11,71%",1,"118,36%"
Burundi,2025,$6745,2002,"42,21%","42,21%",1,"118,36%"
Cambodia,2020,$34898,,,,,"42,70%"
Cambodia,2021,$36797,1899,"5,44%","5,44%",1,"42,70%"
Cambodia,2022,$39838,3041,"8,26%","8,26%",1,"42,70%"
Cambodia,2023,$43304,3466,"8,70%","8,70%",1,"42,70%"
Cambodia,2024,$47328,4024,"9,29%","9,29%",1,"42,70%"
Cambodia,2025,$49799,2471,"5,22%","5,22%",1,"42,70%"
Cameroon,2020,$40863,,,,,"37,07%"
Cameroon,2021,$45036,4173,"10,21%","10,21%",1,"37,07%"
Cameroon,2022,$44442,-594,"-1,32%","-1,32%",0,"37,07%"
Cameroon,2023,$49283,4841,"10,89%","10,89%",1,"37,07%"
Cameroon,2024,$52784,3501,"7,10%","7,10%",1,"37,07%"
Cameroon,2025,$56011,3227,"6,11%","6,11%",1,"37,07%"
Canada,2020,$1655685,,,,,"34,41%"
Canada,2021,$2022382,366697,"22,15%","22,15%",1,"34,41%"
Canada,2022,$2190411,168029,"8,31%","8,31%",1,"34,41%"
Canada,2023,$2173340,-17071,"-0,78%","-0,78%",0,"34,41%"
Canada,2024,$2241253,67913,"3,12%","3,12%",1,"34,41%"
Canada,2025,$2225341,-15912,"-0,71%","-0,71%",0,"34,41%"
Cape Verde,2020,$1831,,,,,"52,16%"
Cape Verde,2021,$2053,222,"12,12%","12,12%",1,"52,16%"
Cape Verde,2022,$2309,256,"12,47%","12,47%",1,"52,16%"
Cape Verde,2023,$2588,279,"12,08%","12,08%",1,"52,16%"
Cape Verde,2024,$2726,138,"5,33%","5,33%",1,"52,16%"
Cape Verde,2025,$2786,60,"2,20%","2,20%",1,"52,16%"
Central African Republic,2020,$2389,,,,,"22,73%"
Central African Republic,2021,$2585,196,"8,20%","8,20%",1,"22,73%"
Central African Republic,2022,$2460,-125,"-4,84%","-4,84%",0,"22,73%"
Central African Republic,2023,$2602,142,"5,77%","5,77%",1,"22,73%"
Central African Republic,2024,$2831,229,"8,80%","8,80%",1,"22,73%"
Central African Republic,2025,$2932,101,"3,57%","3,57%",1,"22,73%"
Chad,2020,$14954,,,,,"25,67%"
Chad,2021,$16881,1927,"12,89%","12,89%",1,"25,67%"
Chad,2022,$17867,986,"5,84%","5,84%",1,"25,67%"
Chad,2023,$18343,476,"2,66%","2,66%",1,"25,67%"
Chad,2024,$19078,735,"4,01%","4,01%",1,"25,67%"
Chad,2025,$18792,-286,"-1,50%","-1,50%",0,"25,67%"
Chile,2020,$254060,,,,,"35,33%"
Chile,2021,$315411,61351,"24,15%","24,15%",1,"35,33%"
Chile,2022,$301270,-14141,"-4,48%","-4,48%",0,"35,33%"
Chile,2023,$335627,34357,"11,40%","11,40%",1,"35,33%"
Chile,2024,$330210,-5417,"-1,61%","-1,61%",0,"35,33%"
Chile,2025,$343823,13613,"4,12%","4,12%",1,"35,33%"
China,2020,$15103357,,,,,"27,33%"
China,2021,$18190803,3087446,"20,44%","20,44%",1,"27,33%"
China,2022,$18307816,117013,"0,64%","0,64%",1,"27,33%"
China,2023,$18270351,-37465,"-0,20%","-0,20%",0,"27,33%"
China,2024,$18748009,477658,"2,61%","2,61%",1,"27,33%"
China,2025,$19231705,483696,"2,58%","2,58%",1,"27,33%"
Colombia,2020,$270348,,,,,"58,23%"
Colombia,2021,$318525,48177,"17,82%","17,82%",1,"58,23%"
Colombia,2022,$345632,27107,"8,51%","8,51%",1,"58,23%"
Colombia,2023,$366292,20660,"5,98%","5,98%",1,"58,23%"
Colombia,2024,$418542,52250,"14,26%","14,26%",1,"58,23%"
Colombia,2025,$427766,9224,"2,20%","2,20%",1,"58,23%"
Comoros,2020,$1218,,,,,"27,09%"
Comoros,2021,$1273,55,"4,52%","4,52%",1,"27,09%"
Comoros,2022,$1223,-50,"-3,93%","-3,93%",0,"27,09%"
Comoros,2023,$1335,112,"9,16%","9,16%",1,"27,09%"
Comoros,2024,$1456,121,"9,06%","9,06%",1,"27,09%"
Comoros,2025,$1548,92,"6,32%","6,32%",1,"27,09%"
Costa Rica,2020,$62382,,,,,"64,46%"
Costa Rica,2021,$64954,2572,"4,12%","4,12%",1,"64,46%"
Costa Rica,2022,$69235,4281,"6,59%","6,59%",1,"64,46%"
Costa Rica,2023,$86509,17274,"24,95%","24,95%",1,"64,46%"
Costa Rica,2024,$95365,8856,"10,24%","10,24%",1,"64,46%"
Costa Rica,2025,$102591,7226,"7,58%","7,58%",1,"64,46%"
Croatia,2020,$57919,,,,,"70,84%"
Croatia,2021,$69055,11136,"19,23%","19,23%",1,"70,84%"
Croatia,2022,$71260,2205,"3,19%","3,19%",1,"70,84%"
Croatia,2023,$84416,13156,"18,46%","18,46%",1,"70,84%"
Croatia,2024,$92506,8090,"9,58%","9,58%",1,"70,84%"
Croatia,2025,$98951,6445,"6,97%","6,97%",1,"70,84%"
Cyprus,2020,$25535,,,,,"51,70%"
Cyprus,2021,$30393,4858,"19,02%","19,02%",1,"51,70%"
Cyprus,2022,$31001,608,"2,00%","2,00%",1,"51,70%"
Cyprus,2023,$33897,2896,"9,34%","9,34%",1,"51,70%"
Cyprus,2024,$36156,2259,"6,66%","6,66%",1,"51,70%"
Cyprus,2025,$38736,2580,"7,14%","7,14%",1,"51,70%"
Czech Republic,2020,$251110,,,,,"43,46%"
Czech Republic,2021,$290973,39863,"15,87%","15,87%",1,"43,46%"
Czech Republic,2022,$301831,10858,"3,73%","3,73%",1,"43,46%"
Czech Republic,2023,$343207,41376,"13,71%","13,71%",1,"43,46%"
Czech Republic,2024,$344931,1724,"0,50%","0,50%",1,"43,46%"
Czech Republic,2025,$360244,15313,"4,44%","4,44%",1,"43,46%"
Democratic Republic of the Congo,2020,$49613,,,,,"59,47%"
Democratic Republic of the Congo,2021,$55327,5714,"11,52%","11,52%",1,"59,47%"
Democratic Republic of the Congo,2022,$63324,7997,"14,45%","14,45%",1,"59,47%"
Democratic Republic of the Congo,2023,$64402,1078,"1,70%","1,70%",1,"59,47%"
Democratic Republic of the Congo,2024,$71011,6609,"10,26%","10,26%",1,"59,47%"
Democratic Republic of the Congo,2025,$79119,8108,"11,42%","11,42%",1,"59,47%"
Denmark,2020,$355631,,,,,"26,52%"
Denmark,2021,$408378,52747,"14,83%","14,83%",1,"26,52%"
Denmark,2022,$401946,-6432,"-1,58%","-1,58%",0,"26,52%"
Denmark,2023,$407092,5146,"1,28%","1,28%",1,"26,52%"
Denmark,2024,$429458,22366,"5,49%","5,49%",1,"26,52%"
Denmark,2025,$449940,20482,"4,77%","4,77%",1,"26,52%"
Djibouti,2020,$3144,,,,,"45,90%"
Djibouti,2021,$3393,249,"7,92%","7,92%",1,"45,90%"
Djibouti,2022,$3563,170,"5,01%","5,01%",1,"45,90%"
Djibouti,2023,$3917,354,"9,94%","9,94%",1,"45,90%"
Djibouti,2024,$4257,340,"8,68%","8,68%",1,"45,90%"
Djibouti,2025,$4587,330,"7,75%","7,75%",1,"45,90%"
Dominica,2020,$504,,,,,"47,22%"
Dominica,2021,$555,51,"10,12%","10,12%",1,"47,22%"
Dominica,2022,$607,52,"9,37%","9,37%",1,"47,22%"
Dominica,2023,$654,47,"7,74%","7,74%",1,"47,22%"
Dominica,2024,$697,43,"6,57%","6,57%",1,"47,22%"
Dominica,2025,$742,45,"6,46%","6,46%",1,"47,22%"
Dominican Republic,2020,$78625,,,,,"62,58%"
Dominican Republic,2021,$95067,16442,"20,91%","20,91%",1,"62,58%"
Dominican Republic,2022,$113813,18746,"19,72%","19,72%",1,"62,58%"
Dominican Republic,2023,$120794,6981,"6,13%","6,13%",1,"62,58%"
Dominican Republic,2024,$124613,3819,"3,16%","3,16%",1,"62,58%"
Dominican Republic,2025,$127828,3215,"2,58%","2,58%",1,"62,58%"
Ecuador,2020,$95865,,,,,"31,10%"
Ecuador,2021,$107179,11314,"11,80%","11,80%",1,"31,10%"
Ecuador,2022,$116133,8954,"8,35%","8,35%",1,"31,10%"
Ecuador,2023,$121147,5014,"4,32%","4,32%",1,"31,10%"
Ecuador,2024,$121728,581,"0,48%","0,48%",1,"31,10%"
Ecuador,2025,$125677,3949,"3,24%","3,24%",1,"31,10%"
Egypt,2020,$382525,,,,,"-9,20%"
Egypt,2021,$423300,40775,"10,66%","10,66%",1,"-9,20%"
Egypt,2022,$475231,51931,"12,27%","12,27%",1,"-9,20%"
Egypt,2023,$393828,-81403,"-17,13%","-17,13%",0,"-9,20%"
Egypt,2024,$383109,-10719,"-2,72%","-2,72%",0,"-9,20%"
Egypt,2025,$347342,-35767,"-9,34%","-9,34%",0,"-9,20%"
El Salvador,2020,$24921,,,,,"47,46%"
El Salvador,2021,$29043,4122,"16,54%","16,54%",1,"47,46%"
El Salvador,2022,$31989,2946,"10,14%","10,14%",1,"47,46%"
El Salvador,2023,$34016,2027,"6,34%","6,34%",1,"47,46%"
El Salvador,2024,$35337,1321,"3,88%","3,88%",1,"47,46%"
El Salvador,2025,$36749,1412,"4,00%","4,00%",1,"47,46%"
Equatorial Guinea,2020,$9908,,,,,"28,02%"
Equatorial Guinea,2021,$12222,2314,"23,35%","23,35%",1,"28,02%"
Equatorial Guinea,2022,$13717,1495,"12,23%","12,23%",1,"28,02%"
Equatorial Guinea,2023,$12339,-1378,"-10,05%","-10,05%",0,"28,02%"
Equatorial Guinea,2024,$12544,205,"1,66%","1,66%",1,"28,02%"
Equatorial Guinea,2025,$12684,140,"1,12%","1,12%",1,"28,02%"
Eritrea,2020,$1982,,,,,
Estonia,2020,$31795,,,,,"41,54%"
Estonia,2021,$37229,5434,"17,09%","17,09%",1,"41,54%"
Estonia,2022,$38406,1177,"3,16%","3,16%",1,"41,54%"
Estonia,2023,$41303,2897,"7,54%","7,54%",1,"41,54%"
Estonia,2024,$42752,1449,"3,51%","3,51%",1,"41,54%"
Estonia,2025,$45004,2252,"5,27%","5,27%",1,"41,54%"
Eswatini,2020,$3984,,,,,"37,63%"
Eswatini,2021,$4851,867,"21,76%","21,76%",1,"37,63%"
Eswatini,2022,$4791,-60,"-1,24%","-1,24%",0,"37,63%"
Eswatini,2023,$4858,67,"1,40%","1,40%",1,"37,63%"
Eswatini,2024,$5199,341,"7,02%","7,02%",1,"37,63%"
Eswatini,2025,$5483,284,"5,46%","5,46%",1,"37,63%"
Ethiopia,2020,$96611,,,,,"21,58%"
Ethiopia,2021,$99261,2650,"2,74%","2,74%",1,"21,58%"
Ethiopia,2022,$118958,19697,"19,84%","19,84%",1,"21,58%"
Ethiopia,2023,$159761,40803,"34,30%","34,30%",1,"21,58%"
Ethiopia,2024,$143123,-16638,"-10,41%","-10,41%",0,"21,58%"
Ethiopia,2025,$117457,-25666,"-17,93%","-17,93%",0,"21,58%"
Federated States of Micronesia,2020,$373,,,,,"34,05%"
Federated States of Micronesia,2021,$392,19,"5,09%","5,09%",1,"34,05%"
Federated States of Micronesia,2022,$416,24,"6,12%","6,12%",1,"34,05%"
Federated States of Micronesia,2023,$444,28,"6,73%","6,73%",1,"34,05%"
Federated States of Micronesia,2024,$471,27,"6,08%","6,08%",1,"34,05%"
Federated States of Micronesia,2025,$500,29,"6,16%","6,16%",1,"34,05%"
Fiji,2020,$4432,,,,,"41,18%"
Fiji,2021,$4305,-127,"-2,87%","-2,87%",0,"41,18%"
Fiji,2022,$4970,665,"15,45%","15,45%",1,"41,18%"
Fiji,2023,$5442,472,"9,50%","9,50%",1,"41,18%"
Fiji,2024,$5949,507,"9,32%","9,32%",1,"41,18%"
Fiji,2025,$6257,308,"5,18%","5,18%",1,"41,18%"
Finland,2020,$269784,,,,,"12,66%"
Finland,2021,$294419,24635,"9,13%","9,13%",1,"12,66%"
Finland,2022,$280474,-13945,"-4,74%","-4,74%",0,"12,66%"
Finland,2023,$295036,14562,"5,19%","5,19%",1,"12,66%"
Finland,2024,$298833,3797,"1,29%","1,29%",1,"12,66%"
Finland,2025,$303945,5112,"1,71%","1,71%",1,"12,66%"
France,2020,$2645806,,,,,"21,37%"
France,2021,$2968405,322599,"12,19%","12,19%",1,"21,37%"
France,2022,$2797049,-171356,"-5,77%","-5,77%",0,"21,37%"
France,2023,$3056880,259831,"9,29%","9,29%",1,"21,37%"
France,2024,$3162023,105143,"3,44%","3,44%",1,"21,37%"
France,2025,$3211292,49269,"1,56%","1,56%",1,"21,37%"
Gabon,2020,$15364,,,,,"32,72%"
Gabon,2021,$19455,4091,"26,63%","26,63%",1,"32,72%"
Gabon,2022,$20485,1030,"5,29%","5,29%",1,"32,72%"
Gabon,2023,$20059,-426,"-2,08%","-2,08%",0,"32,72%"
Gabon,2024,$20774,715,"3,56%","3,56%",1,"32,72%"
Gabon,2025,$20391,-383,"-1,84%","-1,84%",0,"32,72%"
Gambia,2020,$1809,,,,,"53,18%"
Gambia,2021,$2045,236,"13,05%","13,05%",1,"53,18%"
Gambia,2022,$2135,90,"4,40%","4,40%",1,"53,18%"
Gambia,2023,$2345,210,"9,84%","9,84%",1,"53,18%"
Gambia,2024,$2558,213,"9,08%","9,08%",1,"53,18%"
Gambia,2025,$2771,213,"8,33%","8,33%",1,"53,18%"
Georgia,2020,$16013,,,,,"120,78%"
Georgia,2021,$18849,2836,"17,71%","17,71%",1,"120,78%"
Georgia,2022,$24985,6136,"32,55%","32,55%",1,"120,78%"
Georgia,2023,$30778,5793,"23,19%","23,19%",1,"120,78%"
Georgia,2024,$33775,2997,"9,74%","9,74%",1,"120,78%"
Georgia,2025,$35353,1578,"4,67%","4,67%",1,"120,78%"
Germany,2020,$3936989,,,,,"20,52%"
Germany,2021,$4351188,414199,"10,52%","10,52%",1,"20,52%"
Germany,2022,$4166872,-184316,"-4,24%","-4,24%",0,"20,52%"
Germany,2023,$4527009,360137,"8,64%","8,64%",1,"20,52%"
Germany,2024,$4658526,131517,"2,91%","2,91%",1,"20,52%"
Germany,2025,$4744804,86278,"1,85%","1,85%",1,"20,52%"
Ghana,2020,$70008,,,,,"26,17%"
Ghana,2021,$79514,9506,"13,58%","13,58%",1,"26,17%"
Ghana,2022,$73919,-5595,"-7,04%","-7,04%",0,"26,17%"
Ghana,2023,$80547,6628,"8,97%","8,97%",1,"26,17%"
Ghana,2024,$82825,2278,"2,83%","2,83%",1,"26,17%"
Ghana,2025,$88332,5507,"6,65%","6,65%",1,"26,17%"
Greece,2020,$191210,,,,,"39,82%"
Greece,2021,$218449,27239,"14,25%","14,25%",1,"39,82%"
Greece,2022,$219053,604,"0,28%","0,28%",1,"39,82%"
Greece,2023,$243569,24516,"11,19%","11,19%",1,"39,82%"
Greece,2024,$257067,13498,"5,54%","5,54%",1,"39,82%"
Greece,2025,$267348,10281,"4,00%","4,00%",1,"39,82%"
Grenada,2020,$1043,,,,,"40,36%"
Grenada,2021,$1123,80,"7,67%","7,67%",1,"40,36%"
Grenada,2022,$1231,108,"9,62%","9,62%",1,"40,36%"
Grenada,2023,$1325,94,"7,64%","7,64%",1,"40,36%"
Grenada,2024,$1392,67,"5,06%","5,06%",1,"40,36%"
Grenada,2025,$1464,72,"5,17%","5,17%",1,"40,36%"
Guatemala,2020,$77718,,,,,"55,92%"
Guatemala,2021,$86467,8749,"11,26%","11,26%",1,"55,92%"
Guatemala,2022,$95631,9164,"10,60%","10,60%",1,"55,92%"
Guatemala,2023,$104436,8805,"9,21%","9,21%",1,"55,92%"
Guatemala,2024,$112575,8139,"7,79%","7,79%",1,"55,92%"
Guatemala,2025,$121177,8602,"7,64%","7,64%",1,"55,92%"
Guinea,2020,$14089,,,,,"113,60%"
Guinea,2021,$16320,2231,"15,84%","15,84%",1,"113,60%"
Guinea,2022,$19589,3269,"20,03%","20,03%",1,"113,60%"
Guinea,2023,$22750,3161,"16,14%","16,14%",1,"113,60%"
Guinea,2024,$25758,3008,"13,22%","13,22%",1,"113,60%"
Guinea,2025,$30094,4336,"16,83%","16,83%",1,"113,60%"
Guinea-Bissau,2020,$1523,,,,,"49,31%"
Guinea-Bissau,2021,$1722,199,"13,07%","13,07%",1,"49,31%"
Guinea-Bissau,2022,$1721,-1,"-0,06%","-0,06%",0,"49,31%"
Guinea-Bissau,2023,$2005,284,"16,50%","16,50%",1,"49,31%"
Guinea-Bissau,2024,$2184,179,"8,93%","8,93%",1,"49,31%"
Guinea-Bissau,2025,$2274,90,"4,12%","4,12%",1,"49,31%"
Guyana,2020,$5471,,,,,"371,98%"
Guyana,2021,$8041,2570,"46,97%","46,97%",1,"371,98%"
Guyana,2022,$14718,6677,"83,04%","83,04%",1,"371,98%"
Guyana,2023,$16919,2201,"14,95%","14,95%",1,"371,98%"
Guyana,2024,$24659,7740,"45,75%","45,75%",1,"371,98%"
Guyana,2025,$25822,1163,"4,72%","4,72%",1,"371,98%"
Haiti,2020,$14508,,,,,"131,24%"
Haiti,2021,$21017,6509,"44,86%","44,86%",1,"131,24%"
Haiti,2022,$19826,-1191,"-5,67%","-5,67%",0,"131,24%"
Haiti,2023,$19603,-223,"-1,12%","-1,12%",0,"131,24%"
Haiti,2024,$26229,6626,"33,80%","33,80%",1,"131,24%"
Haiti,2025,$33548,7319,"27,90%","27,90%",1,"131,24%"
Honduras,2020,$23190,,,,,"64,61%"
Honduras,2021,$27950,4760,"20,53%","20,53%",1,"64,61%"
Honduras,2022,$31233,3283,"11,75%","11,75%",1,"64,61%"
Honduras,2023,$34229,2996,"9,59%","9,59%",1,"64,61%"
Honduras,2024,$36965,2736,"7,99%","7,99%",1,"64,61%"
Honduras,2025,$38172,1207,"3,27%","3,27%",1,"64,61%"
Hong Kong,2020,$344941,,,,,"22,92%"
Hong Kong,2021,$368954,24013,"6,96%","6,96%",1,"22,92%"
Hong Kong,2022,$358680,-10274,"-2,78%","-2,78%",0,"22,92%"
Hong Kong,2023,$381066,22386,"6,24%","6,24%",1,"22,92%"
Hong Kong,2024,$407107,26041,"6,83%","6,83%",1,"22,92%"
Hong Kong,2025,$423999,16892,"4,15%","4,15%",1,"22,92%"
Hungary,2020,$158468,,,,,"49,60%"
Hungary,2021,$183283,24815,"15,66%","15,66%",1,"49,60%"
Hungary,2022,$178321,-4962,"-2,71%","-2,71%",0,"49,60%"
Hungary,2023,$214098,35777,"20,06%","20,06%",1,"49,60%"
Hungary,2024,$223060,8962,"4,19%","4,19%",1,"49,60%"
Hungary,2025,$237070,14010,"6,28%","6,28%",1,"49,60%"
Iceland,2020,$21630,,,,,"63,24%"
Iceland,2021,$25770,4140,"19,14%","19,14%",1,"63,24%"
Iceland,2022,$28696,2926,"11,35%","11,35%",1,"63,24%"
Iceland,2023,$31452,2756,"9,60%","9,60%",1,"63,24%"
Iceland,2024,$33463,2011,"6,39%","6,39%",1,"63,24%"
Iceland,2025,$35309,1846,"5,52%","5,52%",1,"63,24%"
India,2020,$2674852,,,,,"56,53%"
India,2021,$3167271,492419,"18,41%","18,41%",1,"56,53%"
India,2022,$3346107,178836,"5,65%","5,65%",1,"56,53%"
India,2023,$3638490,292383,"8,74%","8,74%",1,"56,53%"
India,2024,$3909097,270607,"7,44%","7,44%",1,"56,53%"
India,2025,$4187017,277920,"7,11%","7,11%",1,"56,53%"
Indonesia,2020,$1059055,,,,,"35,00%"
Indonesia,2021,$1186510,127455,"12,03%","12,03%",1,"35,00%"
Indonesia,2022,$1319101,132591,"11,17%","11,17%",1,"35,00%"
Indonesia,2023,$1371169,52068,"3,95%","3,95%",1,"35,00%"
Indonesia,2024,$1396300,25131,"1,83%","1,83%",1,"35,00%"
Indonesia,2025,$1429743,33443,"2,40%","2,40%",1,"35,00%"
Iran,2020,$195528,,,,,"74,41%"
Iran,2021,$289294,93766,"47,96%","47,96%",1,"74,41%"
Iran,2022,$376254,86960,"30,06%","30,06%",1,"74,41%"
Iran,2023,$372820,-3434,"-0,91%","-0,91%",0,"74,41%"
Iran,2024,$401357,28537,"7,65%","7,65%",1,"74,41%"
Iran,2025,$341013,-60344,"-15,03%","-15,03%",0,"74,41%"
Iraq,2020,$182576,,,,,"41,32%"
Iraq,2021,$210753,28177,"15,43%","15,43%",1,"41,32%"
Iraq,2022,$288059,77306,"36,68%","36,68%",1,"41,32%"
Iraq,2023,$270799,-17260,"-5,99%","-5,99%",0,"41,32%"
Iraq,2024,$277478,6679,"2,47%","2,47%",1,"41,32%"
Iraq,2025,$258020,-19458,"-7,01%","-7,01%",0,"41,32%"
Ireland,2020,$436205,,,,,"37,28%"
Ireland,2021,$531660,95455,"21,88%","21,88%",1,"37,28%"
Ireland,2022,$549003,17343,"3,26%","3,26%",1,"37,28%"
Ireland,2023,$551554,2551,"0,46%","0,46%",1,"37,28%"
Ireland,2024,$577216,25662,"4,65%","4,65%",1,"37,28%"
Ireland,2025,$598840,21624,"3,75%","3,75%",1,"37,28%"
Israel,2020,$410771,,,,,"42,02%"
Israel,2021,$489854,79083,"19,25%","19,25%",1,"42,02%"
Israel,2022,$525183,35329,"7,21%","7,21%",1,"42,02%"
Israel,2023,$512185,-12998,"-2,47%","-2,47%",0,"42,02%"
Israel,2024,$540381,28196,"5,51%","5,51%",1,"42,02%"
Israel,2025,$583361,42980,"7,95%","7,95%",1,"42,02%"
Italy,2020,$1905956,,,,,"27,12%"
Italy,2021,$2180656,274700,"14,41%","14,41%",1,"27,12%"
Italy,2022,$2105722,-74934,"-3,44%","-3,44%",0,"27,12%"
Italy,2023,$2305271,199549,"9,48%","9,48%",1,"27,12%"
Italy,2024,$2372059,66788,"2,90%","2,90%",1,"27,12%"
Italy,2025,$2422855,50796,"2,14%","2,14%",1,"27,12%"
Ivory Coast,2020,$63119,,,,,"49,69%"
Ivory Coast,2021,$72833,9714,"15,39%","15,39%",1,"49,69%"
Ivory Coast,2022,$71075,-1758,"-2,41%","-2,41%",0,"49,69%"
Ivory Coast,2023,$79630,8555,"12,04%","12,04%",1,"49,69%"
Ivory Coast,2024,$87096,7466,"9,38%","9,38%",1,"49,69%"
Ivory Coast,2025,$94483,7387,"8,48%","8,48%",1,"49,69%"
Jamaica,2020,$13885,,,,,"54,20%"
Jamaica,2021,$14674,789,"5,68%","5,68%",1,"54,20%"
Jamaica,2022,$17003,2329,"15,87%","15,87%",1,"54,20%"
Jamaica,2023,$19315,2312,"13,60%","13,60%",1,"54,20%"
Jamaica,2024,$20069,754,"3,90%","3,90%",1,"54,20%"
Jamaica,2025,$21411,1342,"6,69%","6,69%",1,"54,20%"
Japan,2020,$5054069,,,,,"-17,17%"
Japan,2021,$5039148,-14921,"-0,30%","-0,30%",0,"-17,17%"
Japan,2022,$4262146,-777002,"-15,42%","-15,42%",0,"-17,17%"
Japan,2023,$4213167,-48979,"-1,15%","-1,15%",0,"-17,17%"
Japan,2024,$4026211,-186956,"-4,44%","-4,44%",0,"-17,17%"
Japan,2025,$4186431,160220,"3,98%","3,98%",1,"-17,17%"
Jordan,2020,$43762,,,,,"28,20%"
Jordan,2021,$46362,2600,"5,94%","5,94%",1,"28,20%"
Jordan,2022,$48722,2360,"5,09%","5,09%",1,"28,20%"
Jordan,2023,$51161,2439,"5,01%","5,01%",1,"28,20%"
Jordan,2024,$53428,2267,"4,43%","4,43%",1,"28,20%"
Jordan,2025,$56102,2674,"5,00%","5,00%",1,"28,20%"
Kazakhstan,2020,$171082,,,,,"75,67%"
Kazakhstan,2021,$197112,26030,"15,21%","15,21%",1,"75,67%"
Kazakhstan,2022,$225496,28384,"14,40%","14,40%",1,"75,67%"
Kazakhstan,2023,$261840,36344,"16,12%","16,12%",1,"75,67%"
Kazakhstan,2024,$284810,22970,"8,77%","8,77%",1,"75,67%"
Kazakhstan,2025,$300538,15728,"5,52%","5,52%",1,"75,67%"
Kenya,2020,$100912,,,,,"30,48%"
Kenya,2021,$109875,8963,"8,88%","8,88%",1,"30,48%"
Kenya,2022,$114733,4858,"4,42%","4,42%",1,"30,48%"
Kenya,2023,$108747,-5986,"-5,22%","-5,22%",0,"30,48%"
Kenya,2024,$120899,12152,"11,17%","11,17%",1,"30,48%"
Kenya,2025,$131673,10774,"8,91%","8,91%",1,"30,48%"
Kiribati,2020,$222,,,,,"40,54%"
Kiribati,2021,$285,63,"28,38%","28,38%",1,"40,54%"
Kiribati,2022,$271,-14,"-4,91%","-4,91%",0,"40,54%"
Kiribati,2023,$289,18,"6,64%","6,64%",1,"40,54%"
Kiribati,2024,$308,19,"6,57%","6,57%",1,"40,54%"
Kiribati,2025,$312,4,"1,30%","1,30%",1,"40,54%"
Kosovo,2020,$7728,,,,,"45,89%"
Kosovo,2021,$9418,1690,"21,87%","21,87%",1,"45,89%"
Kosovo,2022,$9375,-43,"-0,46%","-0,46%",0,"45,89%"
Kosovo,2023,$10470,1095,"11,68%","11,68%",1,"45,89%"
Kosovo,2024,$11151,681,"6,50%","6,50%",1,"45,89%"
Kosovo,2025,$11274,123,"1,10%","1,10%",1,"45,89%"
Kuwait,2020,$111048,,,,,"37,87%"
Kuwait,2021,$148455,37407,"33,69%","33,69%",1,"37,87%"
Kuwait,2022,$183977,35522,"23,93%","23,93%",1,"37,87%"
Kuwait,2023,$163716,-20261,"-11,01%","-11,01%",0,"37,87%"
Kuwait,2024,$158568,-5148,"-3,14%","-3,14%",0,"37,87%"
Kuwait,2025,$153101,-5467,"-3,45%","-3,45%",0,"37,87%"
Kyrgyzstan,2020,$8283,,,,,"139,64%"
Kyrgyzstan,2021,$9256,973,"11,75%","11,75%",1,"139,64%"
Kyrgyzstan,2022,$12269,3013,"32,55%","32,55%",1,"139,64%"
Kyrgyzstan,2023,$15187,2918,"23,78%","23,78%",1,"139,64%"
Kyrgyzstan,2024,$17491,2304,"15,17%","15,17%",1,"139,64%"
Kyrgyzstan,2025,$19849,2358,"13,48%","13,48%",1,"139,64%"
Laos,2020,$18511,,,,,"-11,83%"
Laos,2021,$18533,22,"0,12%","0,12%",1,"-11,83%"
Laos,2022,$15121,-3412,"-18,41%","-18,41%",0,"-11,83%"
Laos,2023,$14978,-143,"-0,95%","-0,95%",0,"-11,83%"
Laos,2024,$15879,901,"6,02%","6,02%",1,"-11,83%"
Laos,2025,$16322,443,"2,79%","2,79%",1,"-11,83%"
Latvia,2020,$33353,,,,,"36,52%"
Latvia,2021,$38209,4856,"14,56%","14,56%",1,"36,52%"
Latvia,2022,$38045,-164,"-0,43%","-0,43%",0,"36,52%"
Latvia,2023,$42584,4539,"11,93%","11,93%",1,"36,52%"
Latvia,2024,$43508,924,"2,17%","2,17%",1,"36,52%"
Latvia,2025,$45535,2027,"4,66%","4,66%",1,"36,52%"
Lebanon,2020,$24976,,,,,
Lebanon,2021,$19782,-5194,"-20,80%","-20,80%",0,
Lebanon,2022,$24748,4966,"25,10%","25,10%",1,
Lebanon,2023,$23607,-1141,"-4,61%","-4,61%",0,
Lebanon,2024,$28280,4673,"19,79%","19,79%",1,
Lesotho,2020,$2092,,,,,"14,91%"
Lesotho,2021,$2445,353,"16,87%","16,87%",1,"14,91%"
Lesotho,2022,$2275,-170,"-6,95%","-6,95%",0,"14,91%"
Lesotho,2023,$2213,-62,"-2,73%","-2,73%",0,"14,91%"
Lesotho,2024,$2309,96,"4,34%","4,34%",1,"14,91%"
Lesotho,2025,$2404,95,"4,11%","4,11%",1,"14,91%"
Liberia,2020,$3037,,,,,"70,10%"
Liberia,2021,$3509,472,"15,54%","15,54%",1,"70,10%"
Liberia,2022,$3974,465,"13,25%","13,25%",1,"70,10%"
Liberia,2023,$4390,416,"10,47%","10,47%",1,"70,10%"
Liberia,2024,$4818,428,"9,75%","9,75%",1,"70,10%"
Liberia,2025,$5166,348,"7,22%","7,22%",1,"70,10%"
Libya,2020,$46893,,,,,"1,26%"
Libya,2021,$35216,-11677,"-24,90%","-24,90%",0,"1,26%"
Libya,2022,$43281,8065,"22,90%","22,90%",1,"1,26%"
Libya,2023,$43958,677,"1,56%","1,56%",1,"1,26%"
Libya,2024,$42159,-1799,"-4,09%","-4,09%",0,"1,26%"
Libya,2025,$47484,5325,"12,63%","12,63%",1,"1,26%"
Lithuania,2020,$57352,,,,,"55,52%"
Lithuania,2021,$67068,9716,"16,94%","16,94%",1,"55,52%"
Lithuania,2022,$71082,4014,"5,98%","5,98%",1,"55,52%"
Lithuania,2023,$79824,8742,"12,30%","12,30%",1,"55,52%"
Lithuania,2024,$84847,5023,"6,29%","6,29%",1,"55,52%"
Lithuania,2025,$89192,4345,"5,12%","5,12%",1,"55,52%"
Luxembourg,2020,$73612,,,,,"31,25%"
Luxembourg,2021,$86444,12832,"17,43%","17,43%",1,"31,25%"
Luxembourg,2022,$80865,-5579,"-6,45%","-6,45%",0,"31,25%"
Luxembourg,2023,$87599,6734,"8,33%","8,33%",1,"31,25%"
Luxembourg,2024,$93169,5570,"6,36%","6,36%",1,"31,25%"
Luxembourg,2025,$96613,3444,"3,70%","3,70%",1,"31,25%"
Macau,2020,$25344,,,,,"110,52%"
Macau,2021,$30969,5625,"22,19%","22,19%",1,"110,52%"
Macau,2022,$24998,-5971,"-19,28%","-19,28%",0,"110,52%"
Macau,2023,$45802,20804,"83,22%","83,22%",1,"110,52%"
Macau,2024,$50182,4380,"9,56%","9,56%",1,"110,52%"
Macau,2025,$53354,3172,"6,32%","6,32%",1,"110,52%"
Madagascar,2020,$13051,,,,,"43,35%"
Madagascar,2021,$14355,1304,"9,99%","9,99%",1,"43,35%"
Madagascar,2022,$15326,971,"6,76%","6,76%",1,"43,35%"
Madagascar,2023,$15870,544,"3,55%","3,55%",1,"43,35%"
Madagascar,2024,$17420,1550,"9,77%","9,77%",1,"43,35%"
Madagascar,2025,$18708,1288,"7,39%","7,39%",1,"43,35%"
Malawi,2020,$11847,,,,,"17,83%"
Malawi,2021,$12475,628,"5,30%","5,30%",1,"17,83%"
Malawi,2022,$12531,56,"0,45%","0,45%",1,"17,83%"
Malawi,2023,$13439,908,"7,25%","7,25%",1,"17,83%"
Malawi,2024,$11797,-1642,"-12,22%","-12,22%",0,"17,83%"
Malawi,2025,$13959,2162,"18,33%","18,33%",1,"17,83%"
Malaysia,2020,$337456,,,,,"31,86%"
Malaysia,2021,$373785,36329,"10,77%","10,77%",1,"31,86%"
Malaysia,2022,$407605,33820,"9,05%","9,05%",1,"31,86%"
Malaysia,2023,$399705,-7900,"-1,94%","-1,94%",0,"31,86%"
Malaysia,2024,$419617,19912,"4,98%","4,98%",1,"31,86%"
Malaysia,2025,$444984,25367,"6,05%","6,05%",1,"31,86%"
Maldives,2020,$3706,,,,,"101,83%"
Maldives,2021,$5242,1536,"41,45%","41,45%",1,"101,83%"
Maldives,2022,$6168,926,"17,67%","17,67%",1,"101,83%"
Maldives,2023,$6581,413,"6,70%","6,70%",1,"101,83%"
Maldives,2024,$7019,438,"6,66%","6,66%",1,"101,83%"
Maldives,2025,$7480,461,"6,57%","6,57%",1,"101,83%"
Mali,2020,$17491,,,,,"32,69%"
Mali,2021,$19320,1829,"10,46%","10,46%",1,"32,69%"
Mali,2022,$19319,-1,"-0,01%","-0,01%",0,"32,69%"
Mali,2023,$21184,1865,"9,65%","9,65%",1,"32,69%"
Mali,2024,$22724,1540,"7,27%","7,27%",1,"32,69%"
Mali,2025,$23208,484,"2,13%","2,13%",1,"32,69%"
Malta,2020,$16397,,,,,"57,04%"
Malta,2021,$19737,3340,"20,37%","20,37%",1,"57,04%"
Malta,2022,$19254,-483,"-2,45%","-2,45%",0,"57,04%"
Malta,2023,$22217,2963,"15,39%","15,39%",1,"57,04%"
Malta,2024,$24315,2098,"9,44%","9,44%",1,"57,04%"
Malta,2025,$25750,1435,"5,90%","5,90%",1,"57,04%"
Marshall Islands,2020,$242,,,,,"22,73%"
Marshall Islands,2021,$259,17,"7,02%","7,02%",1,"22,73%"
Marshall Islands,2022,$253,-6,"-2,32%","-2,32%",0,"22,73%"
Marshall Islands,2023,$259,6,"2,37%","2,37%",1,"22,73%"
Marshall Islands,2024,$280,21,"8,11%","8,11%",1,"22,73%"
Marshall Islands,2025,$297,17,"6,07%","6,07%",1,"22,73%"
Mauritania,2020,$8464,,,,,"35,52%"
Mauritania,2021,$9126,662,"7,82%","7,82%",1,"35,52%"
Mauritania,2022,$9564,438,"4,80%","4,80%",1,"35,52%"
Mauritania,2023,$10649,1085,"11,34%","11,34%",1,"35,52%"
Mauritania,2024,$10697,48,"0,45%","0,45%",1,"35,52%"
Mauritania,2025,$11470,773,"7,23%","7,23%",1,"35,52%"
Mauritius,2020,$11408,,,,,"35,83%"
Mauritius,2021,$11484,76,"0,67%","0,67%",1,"35,83%"
Mauritius,2022,$12908,1424,"12,40%","12,40%",1,"35,83%"
Mauritius,2023,$14101,1193,"9,24%","9,24%",1,"35,83%"
Mauritius,2024,$14953,852,"6,04%","6,04%",1,"35,83%"
Mauritius,2025,$15495,542,"3,62%","3,62%",1,"35,83%"
Mexico,2020,$1121065,,,,,"50,99%"
Mexico,2021,$1316569,195504,"17,44%","17,44%",1,"50,99%"
Mexico,2022,$1466465,149896,"11,39%","11,39%",1,"50,99%"
Mexico,2023,$1793799,327334,"22,32%","22,32%",1,"50,99%"
Mexico,2024,$1852723,58924,"3,28%","3,28%",1,"50,99%"
Mexico,2025,$1692640,-160083,"-8,64%","-8,64%",0,"50,99%"
Moldova,2020,$11530,,,,,"68,79%"
Moldova,2021,$13694,2164,"18,77%","18,77%",1,"68,79%"
Moldova,2022,$14493,799,"5,83%","5,83%",1,"68,79%"
Moldova,2023,$16751,2258,"15,58%","15,58%",1,"68,79%"
Moldova,2024,$18126,1375,"8,21%","8,21%",1,"68,79%"
Moldova,2025,$19462,1336,"7,37%","7,37%",1,"68,79%"
Mongolia,2020,$13313,,,,,"93,83%"
Mongolia,2021,$15286,1973,"14,82%","14,82%",1,"93,83%"
Mongolia,2022,$17146,1860,"12,17%","12,17%",1,"93,83%"
Mongolia,2023,$20315,3169,"18,48%","18,48%",1,"93,83%"
Mongolia,2024,$23586,3271,"16,10%","16,10%",1,"93,83%"
Mongolia,2025,$25804,2218,"9,40%","9,40%",1,"93,83%"
Montenegro,2020,$4777,,,,,"79,23%"
Montenegro,2021,$5865,1088,"22,78%","22,78%",1,"79,23%"
Montenegro,2022,$6243,378,"6,45%","6,45%",1,"79,23%"
Montenegro,2023,$7532,1289,"20,65%","20,65%",1,"79,23%"
Montenegro,2024,$8023,491,"6,52%","6,52%",1,"79,23%"
Montenegro,2025,$8562,539,"6,72%","6,72%",1,"79,23%"
Morocco,2020,$121354,,,,,"36,65%"
Morocco,2021,$142022,20668,"17,03%","17,03%",1,"36,65%"
Morocco,2022,$130952,-11070,"-7,79%","-7,79%",0,"36,65%"
Morocco,2023,$144438,13486,"10,30%","10,30%",1,"36,65%"
Morocco,2024,$155350,10912,"7,55%","7,55%",1,"36,65%"
Morocco,2025,$165835,10485,"6,75%","6,75%",1,"36,65%"
Mozambique,2020,$14235,,,,,"66,99%"
Mozambique,2021,$16168,1933,"13,58%","13,58%",1,"66,99%"
Mozambique,2022,$18884,2716,"16,80%","16,80%",1,"66,99%"
Mozambique,2023,$20954,2070,"10,96%","10,96%",1,"66,99%"
Mozambique,2024,$21944,990,"4,72%","4,72%",1,"66,99%"
Mozambique,2025,$23771,1827,"8,33%","8,33%",1,"66,99%"
Myanmar,2020,$65631,,,,,"-1,05%"
Myanmar,2021,$58264,-7367,"-11,22%","-11,22%",0,"-1,05%"
Myanmar,2022,$61723,3459,"5,94%","5,94%",1,"-1,05%"
Myanmar,2023,$61466,-257,"-0,42%","-0,42%",0,"-1,05%"
Myanmar,2024,$61176,-290,"-0,47%","-0,47%",0,"-1,05%"
Myanmar,2025,$64944,3768,"6,16%","6,16%",1,"-1,05%"
Namibia,2020,$10583,,,,,"34,31%"
Namibia,2021,$12399,1816,"17,16%","17,16%",1,"34,31%"
Namibia,2022,$12564,165,"1,33%","1,33%",1,"34,31%"
Namibia,2023,$12402,-162,"-1,29%","-1,29%",0,"34,31%"
Namibia,2024,$13370,968,"7,81%","7,81%",1,"34,31%"
Namibia,2025,$14214,844,"6,31%","6,31%",1,"34,31%"
Nauru,2020,$125,,,,,"35,20%"
Nauru,2021,$176,51,"40,80%","40,80%",1,"35,20%"
Nauru,2022,$152,-24,"-13,64%","-13,64%",0,"35,20%"
Nauru,2023,$152,0,"0,00%","0,00%",0,"35,20%"
Nauru,2024,$161,9,"5,92%","5,92%",1,"35,20%"
Nauru,2025,$169,8,"4,97%","4,97%",1,"35,20%"
Nepal,2020,$33434,,,,,"37,82%"
Nepal,2021,$36927,3493,"10,45%","10,45%",1,"37,82%"
Nepal,2022,$41183,4256,"11,53%","11,53%",1,"37,82%"
Nepal,2023,$40907,-276,"-0,67%","-0,67%",0,"37,82%"
Nepal,2024,$43419,2512,"6,14%","6,14%",1,"37,82%"
Nepal,2025,$46080,2661,"6,13%","6,13%",1,"37,82%"
Netherlands,2020,$931814,,,,,"36,51%"
Netherlands,2021,$1055173,123359,"13,24%","13,24%",1,"36,51%"
Netherlands,2022,$1047364,-7809,"-0,74%","-0,74%",0,"36,51%"
Netherlands,2023,$1154694,107330,"10,25%","10,25%",1,"36,51%"
Netherlands,2024,$1227174,72480,"6,28%","6,28%",1,"36,51%"
Netherlands,2025,$1272011,44837,"3,65%","3,65%",1,"36,51%"
New Zealand,2020,$210541,,,,,"18,11%"
New Zealand,2021,$249775,39234,"18,63%","18,63%",1,"18,11%"
New Zealand,2022,$245203,-4572,"-1,83%","-1,83%",0,"18,11%"
New Zealand,2023,$253436,8233,"3,36%","3,36%",1,"18,11%"
New Zealand,2024,$257728,4292,"1,69%","1,69%",1,"18,11%"
New Zealand,2025,$248666,-9062,"-3,52%","-3,52%",0,"18,11%"
Nicaragua,2020,$12730,,,,,"66,18%"
Nicaragua,2021,$14208,1478,"11,61%","11,61%",1,"66,18%"
Nicaragua,2022,$15634,1426,"10,04%","10,04%",1,"66,18%"
Nicaragua,2023,$17820,2186,"13,98%","13,98%",1,"66,18%"
Nicaragua,2024,$19710,1890,"10,61%","10,61%",1,"66,18%"
Nicaragua,2025,$21155,1445,"7,33%","7,33%",1,"66,18%"
Niger,2020,$13764,,,,,"58,92%"
Niger,2021,$14923,1159,"8,42%","8,42%",1,"58,92%"
Niger,2022,$15458,535,"3,59%","3,59%",1,"58,92%"
Niger,2023,$16809,1351,"8,74%","8,74%",1,"58,92%"
Niger,2024,$19866,3057,"18,19%","18,19%",1,"58,92%"
Niger,2025,$21874,2008,"10,11%","10,11%",1,"58,92%"
Nigeria,2020,$432299,,,,,"-56,45%"
Nigeria,2021,$441074,8775,"2,03%","2,03%",1,"-56,45%"
Nigeria,2022,$476468,35394,"8,02%","8,02%",1,"-56,45%"
Nigeria,2023,$363816,-112652,"-23,64%","-23,64%",0,"-56,45%"
Nigeria,2024,$187640,-176176,"-48,42%","-48,42%",0,"-56,45%"
Nigeria,2025,$188271,631,"0,34%","0,34%",1,"-56,45%"
North Macedonia,2020,$12385,,,,,"44,41%"
North Macedonia,2021,$14008,1623,"13,10%","13,10%",1,"44,41%"
North Macedonia,2022,$13957,-51,"-0,36%","-0,36%",0,"44,41%"
North Macedonia,2023,$15772,1815,"13,00%","13,00%",1,"44,41%"
North Macedonia,2024,$16679,907,"5,75%","5,75%",1,"44,41%"
North Macedonia,2025,$17885,1206,"7,23%","7,23%",1,"44,41%"
Norway,2020,$367633,,,,,"37,17%"
Norway,2021,$503368,135735,"36,92%","36,92%",1,"37,17%"
Norway,2022,$596298,92930,"18,46%","18,46%",1,"37,17%"
Norway,2023,$482950,-113348,"-19,01%","-19,01%",0,"37,17%"
Norway,2024,$483727,777,"0,16%","0,16%",1,"37,17%"
Norway,2025,$504276,20549,"4,25%","4,25%",1,"37,17%"
Oman,2020,$75909,,,,,"37,47%"
Oman,2021,$87324,11415,"15,04%","15,04%",1,"37,47%"
Oman,2022,$109853,22529,"25,80%","25,80%",1,"37,47%"
Oman,2023,$105896,-3957,"-3,60%","-3,60%",0,"37,47%"
Oman,2024,$106943,1047,"0,99%","0,99%",1,"37,47%"
Oman,2025,$104351,-2592,"-2,42%","-2,42%",0,"37,47%"
Pakistan,2020,$300410,,,,,
Pakistan,2021,$348481,48071,"16,00%","16,00%",1,
Pakistan,2022,$374850,26369,"7,57%","7,57%",1,
Pakistan,2023,$337754,-37096,"-9,90%","-9,90%",0,
Pakistan,2024,$373078,35324,"10,46%","10,46%",1,
Palau,2020,$259,,,,,"28,57%"
Palau,2021,$236,-23,"-8,88%","-8,88%",0,"28,57%"
Palau,2022,$248,12,"5,08%","5,08%",1,"28,57%"
Palau,2023,$275,27,"10,89%","10,89%",1,"28,57%"
Palau,2024,$306,31,"11,27%","11,27%",1,"28,57%"
Palau,2025,$333,27,"8,82%","8,82%",1,"28,57%"
Palestine,2020,$15532,,,,,
Palestine,2021,$18109,2577,"16,59%","16,59%",1,
Palestine,2022,$19166,1057,"5,84%","5,84%",1,
Palestine,2023,$17848,-1318,"-6,88%","-6,88%",0,
Panama,2020,$57087,,,,,"60,59%"
Panama,2021,$67407,10320,"18,08%","18,08%",1,"60,59%"
Panama,2022,$76523,9116,"13,52%","13,52%",1,"60,59%"
Panama,2023,$83382,6859,"8,96%","8,96%",1,"60,59%"
Panama,2024,$87688,4306,"5,16%","5,16%",1,"60,59%"
Panama,2025,$91675,3987,"4,55%","4,55%",1,"60,59%"
Papua New Guinea,2020,$23848,,,,,"37,68%"
Papua New Guinea,2021,$26113,2265,"9,50%","9,50%",1,"37,68%"
Papua New Guinea,2022,$31653,5540,"21,22%","21,22%",1,"37,68%"
Papua New Guinea,2023,$30729,-924,"-2,92%","-2,92%",0,"37,68%"
Papua New Guinea,2024,$31654,925,"3,01%","3,01%",1,"37,68%"
Papua New Guinea,2025,$32835,1181,"3,73%","3,73%",1,"37,68%"
Paraguay,2020,$35432,,,,,"28,32%"
Paraguay,2021,$39951,4519,"12,75%","12,75%",1,"28,32%"
Paraguay,2022,$41953,2002,"5,01%","5,01%",1,"28,32%"
Paraguay,2023,$43118,1165,"2,78%","2,78%",1,"28,32%"
Paraguay,2024,$43989,871,"2,02%","2,02%",1,"28,32%"
Paraguay,2025,$45465,1476,"3,36%","3,36%",1,"28,32%"
Peru,2020,$206461,,,,,"46,90%"
Peru,2021,$226268,19807,"9,59%","9,59%",1,"46,90%"
Peru,2022,$244419,18151,"8,02%","8,02%",1,"46,90%"
Peru,2023,$267482,23063,"9,44%","9,44%",1,"46,90%"
Peru,2024,$289070,21588,"8,07%","8,07%",1,"46,90%"
Peru,2025,$303293,14223,"4,92%","4,92%",1,"46,90%"
Philippines,2020,$361751,,,,,"37,52%"
Philippines,2021,$394087,32336,"8,94%","8,94%",1,"37,52%"
Philippines,2022,$404353,10266,"2,61%","2,61%",1,"37,52%"
Philippines,2023,$437055,32702,"8,09%","8,09%",1,"37,52%"
Philippines,2024,$461617,24562,"5,62%","5,62%",1,"37,52%"
Philippines,2025,$497495,35878,"7,77%","7,77%",1,"37,52%"
Poland,2020,$605930,,,,,"61,73%"
Poland,2021,$689253,83323,"13,75%","13,75%",1,"61,73%"
Poland,2022,$695734,6481,"0,94%","0,94%",1,"61,73%"
Poland,2023,$809706,113972,"16,38%","16,38%",1,"61,73%"
Poland,2024,$908583,98877,"12,21%","12,21%",1,"61,73%"
Poland,2025,$979960,71377,"7,86%","7,86%",1,"61,73%"
Portugal,2020,$229435,,,,,"40,10%"
Portugal,2021,$256226,26791,"11,68%","11,68%",1,"40,10%"
Portugal,2022,$257101,875,"0,34%","0,34%",1,"40,10%"
Portugal,2023,$289781,32680,"12,71%","12,71%",1,"40,10%"
Portugal,2024,$308590,18809,"6,49%","6,49%",1,"40,10%"
Portugal,2025,$321440,12850,"4,16%","4,16%",1,"40,10%"
Puerto Rico,2020,$103131,,,,,"18,80%"
Puerto Rico,2021,$106427,3296,"3,20%","3,20%",1,"18,80%"
Puerto Rico,2022,$113567,7140,"6,71%","6,71%",1,"18,80%"
Puerto Rico,2023,$117902,4335,"3,82%","3,82%",1,"18,80%"
Puerto Rico,2024,$120978,3076,"2,61%","2,61%",1,"18,80%"
Puerto Rico,2025,$122522,1544,"1,28%","1,28%",1,"18,80%"
Qatar,2020,$144411,,,,,"54,27%"
Qatar,2021,$179732,35321,"24,46%","24,46%",1,"54,27%"
Qatar,2022,$235709,55977,"31,14%","31,14%",1,"54,27%"
Qatar,2023,$213003,-22706,"-9,63%","-9,63%",0,"54,27%"
Qatar,2024,$221452,8449,"3,97%","3,97%",1,"54,27%"
Qatar,2025,$222776,1324,"0,60%","0,60%",1,"54,27%"
Republic of the Congo,2020,$11485,,,,,"33,05%"
Republic of the Congo,2021,$13387,1902,"16,56%","16,56%",1,"33,05%"
Republic of the Congo,2022,$13967,580,"4,33%","4,33%",1,"33,05%"
Republic of the Congo,2023,$14169,202,"1,45%","1,45%",1,"33,05%"
Republic of the Congo,2024,$14893,724,"5,11%","5,11%",1,"33,05%"
Republic of the Congo,2025,$15281,388,"2,61%","2,61%",1,"33,05%"
Romania,2020,$252372,,,,,"59,84%"
Romania,2021,$286783,34411,"13,64%","13,64%",1,"59,84%"
Romania,2022,$296928,10145,"3,54%","3,54%",1,"59,84%"
Romania,2023,$350847,53919,"18,16%","18,16%",1,"59,84%"
Romania,2024,$384148,33301,"9,49%","9,49%",1,"59,84%"
Romania,2025,$403395,19247,"5,01%","5,01%",1,"59,84%"
Russia,2020,$1488118,,,,,"39,53%"
Russia,2021,$1828927,340809,"22,90%","22,90%",1,"39,53%"
Russia,2022,$2295527,466600,"25,51%","25,51%",1,"39,53%"
Russia,2023,$2059762,-235765,"-10,27%","-10,27%",0,"39,53%"
Russia,2024,$2161205,101443,"4,92%","4,92%",1,"39,53%"
Russia,2025,$2076396,-84809,"-3,92%","-3,92%",0,"39,53%"
Rwanda,2020,$10174,,,,,"45,18%"
Rwanda,2021,$11066,892,"8,77%","8,77%",1,"45,18%"
Rwanda,2022,$13313,2247,"20,31%","20,31%",1,"45,18%"
Rwanda,2023,$14331,1018,"7,65%","7,65%",1,"45,18%"
Rwanda,2024,$14251,-80,"-0,56%","-0,56%",0,"45,18%"
Rwanda,2025,$14771,520,"3,65%","3,65%",1,"45,18%"
Saint Kitts and Nevis,2020,$884,,,,,"27,71%"
Saint Kitts and Nevis,2021,$859,-25,"-2,83%","-2,83%",0,"27,71%"
Saint Kitts and Nevis,2022,$981,122,"14,20%","14,20%",1,"27,71%"
Saint Kitts and Nevis,2023,$1056,75,"7,65%","7,65%",1,"27,71%"
Saint Kitts and Nevis,2024,$1117,61,"5,78%","5,78%",1,"27,71%"
Saint Kitts and Nevis,2025,$1129,12,"1,07%","1,07%",1,"27,71%"
Saint Lucia,2020,$1499,,,,,"75,58%"
Saint Lucia,2021,$1867,368,"24,55%","24,55%",1,"75,58%"
Saint Lucia,2022,$2343,476,"25,50%","25,50%",1,"75,58%"
Saint Lucia,2023,$2430,87,"3,71%","3,71%",1,"75,58%"
Saint Lucia,2024,$2523,93,"3,83%","3,83%",1,"75,58%"
Saint Lucia,2025,$2632,109,"4,32%","4,32%",1,"75,58%"
Saint Vincent and the Grenadines,2020,$864,,,,,"43,75%"
Saint Vincent and the Grenadines,2021,$888,24,"2,78%","2,78%",1,"43,75%"
Saint Vincent and the Grenadines,2022,$970,82,"9,23%","9,23%",1,"43,75%"
Saint Vincent and the Grenadines,2023,$1071,101,"10,41%","10,41%",1,"43,75%"
Saint Vincent and the Grenadines,2024,$1162,91,"8,50%","8,50%",1,"43,75%"
Saint Vincent and the Grenadines,2025,$1242,80,"6,88%","6,88%",1,"43,75%"
Samoa,2020,$869,,,,,"33,49%"
Samoa,2021,$844,-25,"-2,88%","-2,88%",0,"33,49%"
Samoa,2022,$833,-11,"-1,30%","-1,30%",0,"33,49%"
Samoa,2023,$938,105,"12,61%","12,61%",1,"33,49%"
Samoa,2024,$1068,130,"13,86%","13,86%",1,"33,49%"
Samoa,2025,$1160,92,"8,61%","8,61%",1,"33,49%"
San Marino,2020,$1543,,,,,"32,66%"
San Marino,2021,$1857,314,"20,35%","20,35%",1,"32,66%"
San Marino,2022,$1833,-24,"-1,29%","-1,29%",0,"32,66%"
San Marino,2023,$2003,170,"9,27%","9,27%",1,"32,66%"
San Marino,2024,$2063,60,"3,00%","3,00%",1,"32,66%"
San Marino,2025,$2047,-16,"-0,78%","-0,78%",0,"32,66%"
São Tomé and Príncipe,2020,$476,,,,,"81,51%"
São Tomé and Príncipe,2021,$529,53,"11,13%","11,13%",1,"81,51%"
São Tomé and Príncipe,2022,$546,17,"3,21%","3,21%",1,"81,51%"
São Tomé and Príncipe,2023,$684,138,"25,27%","25,27%",1,"81,51%"
São Tomé and Príncipe,2024,$796,112,"16,37%","16,37%",1,"81,51%"
São Tomé and Príncipe,2025,$864,68,"8,54%","8,54%",1,"81,51%"
Saudi Arabia,2020,$734271,,,,,"47,60%"
Saudi Arabia,2021,$874157,139886,"19,05%","19,05%",1,"47,60%"
Saudi Arabia,2022,$1108571,234414,"26,82%","26,82%",1,"47,60%"
Saudi Arabia,2023,$1067583,-40988,"-3,70%","-3,70%",0,"47,60%"
Saudi Arabia,2024,$1085358,17775,"1,66%","1,66%",1,"47,60%"
Saudi Arabia,2025,$1083749,-1609,"-0,15%","-0,15%",0,"47,60%"
Senegal,2020,$24534,,,,,"41,55%"
Senegal,2021,$27584,3050,"12,43%","12,43%",1,"41,55%"
Senegal,2022,$27750,166,"0,60%","0,60%",1,"41,55%"
Senegal,2023,$30625,2875,"10,36%","10,36%",1,"41,55%"
Senegal,2024,$32892,2267,"7,40%","7,40%",1,"41,55%"
Senegal,2025,$34728,1836,"5,58%","5,58%",1,"41,55%"
Serbia,2020,$55874,,,,,"65,64%"
Serbia,2021,$65830,9956,"17,82%","17,82%",1,"65,64%"
Serbia,2022,$66798,968,"1,47%","1,47%",1,"65,64%"
Serbia,2023,$81343,14545,"21,77%","21,77%",1,"65,64%"
Serbia,2024,$89074,7731,"9,50%","9,50%",1,"65,64%"
Serbia,2025,$92549,3475,"3,90%","3,90%",1,"65,64%"
Seychelles,2020,$1384,,,,,"58,82%"
Seychelles,2021,$1490,106,"7,66%","7,66%",1,"58,82%"
Seychelles,2022,$2018,528,"35,44%","35,44%",1,"58,82%"
Seychelles,2023,$2187,169,"8,37%","8,37%",1,"58,82%"
Seychelles,2024,$2168,-19,"-0,87%","-0,87%",0,"58,82%"
Seychelles,2025,$2198,30,"1,38%","1,38%",1,"58,82%"
Sierra Leone,2020,$6682,,,,,"25,50%"
Sierra Leone,2021,$7165,483,"7,23%","7,23%",1,"25,50%"
Sierra Leone,2022,$7119,-46,"-0,64%","-0,64%",0,"25,50%"
Sierra Leone,2023,$6397,-722,"-10,14%","-10,14%",0,"25,50%"
Sierra Leone,2024,$7653,1256,"19,63%","19,63%",1,"25,50%"
Sierra Leone,2025,$8386,733,"9,58%","9,58%",1,"25,50%"
Singapore,2020,$349166,,,,,"61,75%"
Singapore,2021,$436591,87425,"25,04%","25,04%",1,"61,75%"
Singapore,2022,$509018,72427,"16,59%","16,59%",1,"61,75%"
Singapore,2023,$505440,-3578,"-0,70%","-0,70%",0,"61,75%"
Singapore,2024,$547387,41947,"8,30%","8,30%",1,"61,75%"
Singapore,2025,$564774,17387,"3,18%","3,18%",1,"61,75%"
Slovakia,2020,$107646,,,,,"36,59%"
Slovakia,2021,$120672,13026,"12,10%","12,10%",1,"36,59%"
Slovakia,2022,$116020,-4652,"-3,86%","-3,86%",0,"36,59%"
Slovakia,2023,$132947,16927,"14,59%","14,59%",1,"36,59%"
Slovakia,2024,$140636,7689,"5,78%","5,78%",1,"36,59%"
Slovakia,2025,$147031,6395,"4,55%","4,55%",1,"36,59%"
Slovenia,2020,$53342,,,,,"41,02%"
Slovenia,2021,$61570,8228,"15,42%","15,42%",1,"41,02%"
Slovenia,2022,$59975,-1595,"-2,59%","-2,59%",0,"41,02%"
Slovenia,2023,$69168,9193,"15,33%","15,33%",1,"41,02%"
Slovenia,2024,$72463,3295,"4,76%","4,76%",1,"41,02%"
Slovenia,2025,$75224,2761,"3,81%","3,81%",1,"41,02%"
Solomon Islands,2020,$1536,,,,,"23,57%"
Solomon Islands,2021,$1523,-13,"-0,85%","-0,85%",0,"23,57%"
Solomon Islands,2022,$1566,43,"2,82%","2,82%",1,"23,57%"
Solomon Islands,2023,$1661,95,"6,07%","6,07%",1,"23,57%"
Solomon Islands,2024,$1777,116,"6,98%","6,98%",1,"23,57%"
Solomon Islands,2025,$1898,121,"6,81%","6,81%",1,"23,57%"
Somalia,2020,$8628,,,,,"50,60%"
Somalia,2021,$9484,856,"9,92%","9,92%",1,"50,60%"
Somalia,2022,$10203,719,"7,58%","7,58%",1,"50,60%"
Somalia,2023,$10969,766,"7,51%","7,51%",1,"50,60%"
Somalia,2024,$12134,1165,"10,62%","10,62%",1,"50,60%"
Somalia,2025,$12994,860,"7,09%","7,09%",1,"50,60%"
South Africa,2020,$337876,,,,,"21,45%"
South Africa,2021,$420778,82902,"24,54%","24,54%",1,"21,45%"
South Africa,2022,$406755,-14023,"-3,33%","-3,33%",0,"21,45%"
South Africa,2023,$380592,-26163,"-6,43%","-6,43%",0,"21,45%"
South Africa,2024,$400191,19599,"5,15%","5,15%",1,"21,45%"
South Africa,2025,$410338,10147,"2,54%","2,54%",1,"21,45%"
South Korea,2020,$1744456,,,,,"2,63%"
South Korea,2021,$1942314,197858,"11,34%","11,34%",1,"2,63%"
South Korea,2022,$1799363,-142951,"-7,36%","-7,36%",0,"2,63%"
South Korea,2023,$1839058,39695,"2,21%","2,21%",1,"2,63%"
South Korea,2024,$1869714,30656,"1,67%","1,67%",1,"2,63%"
South Korea,2025,$1790322,-79392,"-4,25%","-4,25%",0,"2,63%"
South Sudan,2020,$5423,,,,,"-26,28%"
South Sudan,2021,$5940,517,"9,53%","9,53%",1,"-26,28%"
South Sudan,2022,$8037,2097,"35,30%","35,30%",1,"-26,28%"
South Sudan,2023,$7186,-851,"-10,59%","-10,59%",0,"-26,28%"
South Sudan,2024,$5423,-1763,"-24,53%","-24,53%",0,"-26,28%"
South Sudan,2025,$3998,-1425,"-26,28%","-26,28%",0,"-26,28%"
Spain,2020,$1288751,,,,,"39,63%"
Spain,2021,$1462216,173465,"13,46%","13,46%",1,"39,63%"
Spain,2022,$1447636,-14580,"-1,00%","-1,00%",0,"39,63%"
Spain,2023,$1620558,172922,"11,95%","11,95%",1,"39,63%"
Spain,2024,$1722227,101669,"6,27%","6,27%",1,"39,63%"
Spain,2025,$1799511,77284,"4,49%","4,49%",1,"39,63%"
Sri Lanka,2020,$84304,,,,,
Sri Lanka,2021,$88609,4305,"5,11%","5,11%",1,
Sri Lanka,2022,$74584,-14025,"-15,83%","-15,83%",0,
Sri Lanka,2023,$83723,9139,"12,25%","12,25%",1,
Sri Lanka,2024,$98964,15241,"18,20%","18,20%",1,
Sudan,2020,$35237,,,,,"-10,59%"
Sudan,2021,$35142,-95,"-0,27%","-0,27%",0,"-10,59%"
Sudan,2022,$33517,-1625,"-4,62%","-4,62%",0,"-10,59%"
Sudan,2023,$36998,3481,"10,39%","10,39%",1,"-10,59%"
Sudan,2024,$28270,-8728,"-23,59%","-23,59%",0,"-10,59%"
Sudan,2025,$31506,3236,"11,45%","11,45%",1,"-10,59%"
Suriname,2020,$2912,,,,,"54,74%"
Suriname,2021,$3084,172,"5,91%","5,91%",1,"54,74%"
Suriname,2022,$3631,547,"17,74%","17,74%",1,"54,74%"
Suriname,2023,$3445,-186,"-5,12%","-5,12%",0,"54,74%"
Suriname,2024,$4458,1013,"29,40%","29,40%",1,"54,74%"
Suriname,2025,$4506,48,"1,08%","1,08%",1,"54,74%"
Sweden,2020,$545148,,,,,"13,79%"
Sweden,2021,$637187,92039,"16,88%","16,88%",1,"13,79%"
Sweden,2022,$579896,-57291,"-8,99%","-8,99%",0,"13,79%"
Sweden,2023,$585490,5594,"0,96%","0,96%",1,"13,79%"
Sweden,2024,$610118,24628,"4,21%","4,21%",1,"13,79%"
Sweden,2025,$620297,10179,"1,67%","1,67%",1,"13,79%"
Switzerland,2020,$741288,,,,,"27,77%"
Switzerland,2021,$814699,73411,"9,90%","9,90%",1,"27,77%"
Switzerland,2022,$828522,13823,"1,70%","1,70%",1,"27,77%"
Switzerland,2023,$894867,66345,"8,01%","8,01%",1,"27,77%"
Switzerland,2024,$936738,41871,"4,68%","4,68%",1,"27,77%"
Switzerland,2025,$947125,10387,"1,11%","1,11%",1,"27,77%"
Syria,2020,$60043,,,,,
Taiwan,2020,$676861,,,,,"18,91%"
Taiwan,2021,$776965,100104,"14,79%","14,79%",1,"18,91%"
Taiwan,2022,$765624,-11341,"-1,46%","-1,46%",0,"18,91%"
Taiwan,2023,$757335,-8289,"-1,08%","-1,08%",0,"18,91%"
Taiwan,2024,$782441,25106,"3,32%","3,32%",1,"18,91%"
Taiwan,2025,$804889,22448,"2,87%","2,87%",1,"18,91%"
Tajikistan,2020,$8134,,,,,"82,39%"
Tajikistan,2021,$8934,800,"9,84%","9,84%",1,"82,39%"
Tajikistan,2022,$10493,1559,"17,45%","17,45%",1,"82,39%"
Tajikistan,2023,$11854,1361,"12,97%","12,97%",1,"82,39%"
Tajikistan,2024,$13544,1690,"14,26%","14,26%",1,"82,39%"
Tajikistan,2025,$14836,1292,"9,54%","9,54%",1,"82,39%"
Tanzania,2020,$63373,,,,,"35,67%"
Tanzania,2021,$67964,4591,"7,24%","7,24%",1,"35,67%"
Tanzania,2022,$74173,6209,"9,14%","9,14%",1,"35,67%"
Tanzania,2023,$79138,4965,"6,69%","6,69%",1,"35,67%"
Tanzania,2024,$80171,1033,"1,31%","1,31%",1,"35,67%"
Tanzania,2025,$85977,5806,"7,24%","7,24%",1,"35,67%"
Thailand,2020,$500462,,,,,"9,14%"
Thailand,2021,$506195,5733,"1,15%","1,15%",1,"9,14%"
Thailand,2022,$495645,-10550,"-2,08%","-2,08%",0,"9,14%"
Thailand,2023,$515906,20261,"4,09%","4,09%",1,"9,14%"
Thailand,2024,$526411,10505,"2,04%","2,04%",1,"9,14%"
Thailand,2025,$546224,19813,"3,76%","3,76%",1,"9,14%"
Timor-Leste,2020,$2163,,,,,"-2,22%"
Timor-Leste,2021,$3625,1462,"67,59%","67,59%",1,"-2,22%"
Timor-Leste,2022,$3209,-416,"-11,48%","-11,48%",0,"-2,22%"
Timor-Leste,2023,$2080,-1129,"-35,18%","-35,18%",0,"-2,22%"
Timor-Leste,2024,$2015,-65,"-3,13%","-3,13%",0,"-2,22%"
Timor-Leste,2025,$2115,100,"4,96%","4,96%",1,"-2,22%"
Togo,2020,$7400,,,,,"35,45%"
Togo,2021,$8338,938,"12,68%","12,68%",1,"35,45%"
Togo,2022,$8144,-194,"-2,33%","-2,33%",0,"35,45%"
Togo,2023,$9081,937,"11,51%","11,51%",1,"35,45%"
Togo,2024,$9776,695,"7,65%","7,65%",1,"35,45%"
Togo,2025,$10023,247,"2,53%","2,53%",1,"35,45%"
Tonga,2020,$503,,,,,"12,92%"
Tonga,2021,$520,17,"3,38%","3,38%",1,"12,92%"
Tonga,2022,$515,-5,"-0,96%","-0,96%",0,"12,92%"
Tonga,2023,$512,-3,"-0,58%","-0,58%",0,"12,92%"
Tonga,2024,$539,27,"5,27%","5,27%",1,"12,92%"
Tonga,2025,$568,29,"5,38%","5,38%",1,"12,92%"
Trinidad and Tobago,2020,$20991,,,,,"26,09%"
Trinidad and Tobago,2021,$24177,3186,"15,18%","15,18%",1,"26,09%"
Trinidad and Tobago,2022,$28510,4333,"17,92%","17,92%",1,"26,09%"
Trinidad and Tobago,2023,$25489,-3021,"-10,60%","-10,60%",0,"26,09%"
Trinidad and Tobago,2024,$25524,35,"0,14%","0,14%",1,"26,09%"
Trinidad and Tobago,2025,$26467,943,"3,69%","3,69%",1,"26,09%"
Tunisia,2020,$42494,,,,,"32,47%"
Tunisia,2021,$46813,4319,"10,16%","10,16%",1,"32,47%"
Tunisia,2022,$44596,-2217,"-4,74%","-4,74%",0,"32,47%"
Tunisia,2023,$48541,3945,"8,85%","8,85%",1,"32,47%"
Tunisia,2024,$53063,4522,"9,32%","9,32%",1,"32,47%"
Tunisia,2025,$56291,3228,"6,08%","6,08%",1,"32,47%"
Turkey,2020,$717114,,,,,"100,44%"
Turkey,2021,$807893,90779,"12,66%","12,66%",1,"100,44%"
Turkey,2022,$905800,97907,"12,12%","12,12%",1,"100,44%"
Turkey,2023,$1130062,224262,"24,76%","24,76%",1,"100,44%"
Turkey,2024,$1322405,192343,"17,02%","17,02%",1,"100,44%"
Turkey,2025,$1437406,115001,"8,70%","8,70%",1,"100,44%"
Turkmenistan,2020,$52385,,,,,"70,00%"
Turkmenistan,2021,$60934,8549,"16,32%","16,32%",1,"70,00%"
Turkmenistan,2022,$77963,17029,"27,95%","27,95%",1,"70,00%"
Turkmenistan,2023,$77876,-87,"-0,11%","-0,11%",0,"70,00%"
Turkmenistan,2024,$82515,4639,"5,96%","5,96%",1,"70,00%"
Turkmenistan,2025,$89054,6539,"7,92%","7,92%",1,"70,00%"
Tuvalu,2020,$52,,,,,"25,00%"
Tuvalu,2021,$62,10,"19,23%","19,23%",1,"25,00%"
Tuvalu,2022,$61,-1,"-1,61%","-1,61%",0,"25,00%"
Tuvalu,2023,$63,2,"3,28%","3,28%",1,"25,00%"
Tuvalu,2024,$65,2,"3,17%","3,17%",1,"25,00%"
Tuvalu,2025,$65,0,"0,00%","0,00%",0,"25,00%"
Uganda,2020,$37889,,,,,"69,65%"
Uganda,2021,$42805,4916,"12,97%","12,97%",1,"69,65%"
Uganda,2022,$47276,4471,"10,45%","10,45%",1,"69,65%"
Uganda,2023,$51934,4658,"9,85%","9,85%",1,"69,65%"
Uganda,2024,$56453,4519,"8,70%","8,70%",1,"69,65%"
Uganda,2025,$64277,7824,"13,86%","13,86%",1,"69,65%"
Ukraine,2020,$156566,,,,,"31,41%"
Ukraine,2021,$199835,43269,"27,64%","27,64%",1,"31,41%"
Ukraine,2022,$161987,-37848,"-18,94%","-18,94%",0,"31,41%"
Ukraine,2023,$178763,16776,"10,36%","10,36%",1,"31,41%"
Ukraine,2024,$190426,11663,"6,52%","6,52%",1,"31,41%"
Ukraine,2025,$205742,15316,"8,04%","8,04%",1,"31,41%"
United Arab Emirates,2020,$349473,,,,,"56,98%"
United Arab Emirates,2021,$415179,65706,"18,80%","18,80%",1,"56,98%"
United Arab Emirates,2022,$502732,87553,"21,09%","21,09%",1,"56,98%"
United Arab Emirates,2023,$514130,11398,"2,27%","2,27%",1,"56,98%"
United Arab Emirates,2024,$537079,22949,"4,46%","4,46%",1,"56,98%"
United Arab Emirates,2025,$548598,11519,"2,14%","2,14%",1,"56,98%"
United Kingdom,2020,$2698705,,,,,"42,26%"
United Kingdom,2021,$3144079,445374,"16,50%","16,50%",1,"42,26%"
United Kingdom,2022,$3125404,-18675,"-0,59%","-0,59%",0,"42,26%"
United Kingdom,2023,$3371118,245714,"7,86%","7,86%",1,"42,26%"
United Kingdom,2024,$3644636,273518,"8,11%","8,11%",1,"42,26%"
United Kingdom,2025,$3839180,194544,"5,34%","5,34%",1,"42,26%"
United States,2020,$21354125,,,,,"42,86%"
United States,2021,$23681175,2327050,"10,90%","10,90%",1,"42,86%"
United States,2022,$26006900,2325725,"9,82%","9,82%",1,"42,86%"
United States,2023,$27720725,1713825,"6,59%","6,59%",1,"42,86%"
United States,2024,$29184900,1464175,"5,28%","5,28%",1,"42,86%"
United States,2025,$30507217,1322317,"4,53%","4,53%",1,"42,86%"
Uruguay,2020,$53557,,,,,"48,87%"
Uruguay,2021,$60742,7185,"13,42%","13,42%",1,"48,87%"
Uruguay,2022,$70600,9858,"16,23%","16,23%",1,"48,87%"
Uruguay,2023,$77997,7397,"10,48%","10,48%",1,"48,87%"
Uruguay,2024,$80961,2964,"3,80%","3,80%",1,"48,87%"
Uruguay,2025,$79731,-1230,"-1,52%","-1,52%",0,"48,87%"
Uzbekistan,2020,$66443,,,,,"99,39%"
Uzbekistan,2021,$77340,10897,"16,40%","16,40%",1,"99,39%"
Uzbekistan,2022,$90125,12785,"16,53%","16,53%",1,"99,39%"
Uzbekistan,2023,$102634,12509,"13,88%","13,88%",1,"99,39%"
Uzbekistan,2024,$114962,12328,"12,01%","12,01%",1,"99,39%"
Uzbekistan,2025,$132484,17522,"15,24%","15,24%",1,"99,39%"
Vanuatu,2020,$1008,,,,,"25,69%"
Vanuatu,2021,$921,-87,"-8,63%","-8,63%",0,"25,69%"
Vanuatu,2022,$1072,151,"16,40%","16,40%",1,"25,69%"
Vanuatu,2023,$1158,86,"8,02%","8,02%",1,"25,69%"
Vanuatu,2024,$1206,48,"4,15%","4,15%",1,"25,69%"
Vanuatu,2025,$1267,61,"5,06%","5,06%",1,"25,69%"
Venezuela,2020,$42838,,,,,"153,31%"
Venezuela,2021,$56615,13777,"32,16%","32,16%",1,"153,31%"
Venezuela,2022,$89013,32398,"57,23%","57,23%",1,"153,31%"
Venezuela,2023,$102377,13364,"15,01%","15,01%",1,"153,31%"
Venezuela,2024,$119808,17431,"17,03%","17,03%",1,"153,31%"
Venezuela,2025,$108511,-11297,"-9,43%","-9,43%",0,"153,31%"
Vietnam,2020,$346310,,,,,"41,77%"
Vietnam,2021,$370076,23766,"6,86%","6,86%",1,"41,77%"
Vietnam,2022,$411068,40992,"11,08%","11,08%",1,"41,77%"
Vietnam,2023,$433008,21940,"5,34%","5,34%",1,"41,77%"
Vietnam,2024,$459472,26464,"6,11%","6,11%",1,"41,77%"
Vietnam,2025,$490970,31498,"6,86%","6,86%",1,"41,77%"
Yemen,2020,$20220,,,,,"-13,94%"
Yemen,2021,$19394,-826,"-4,09%","-4,09%",0,"-13,94%"
Yemen,2022,$23534,4140,"21,35%","21,35%",1,"-13,94%"
Yemen,2023,$19412,-4122,"-17,52%","-17,52%",0,"-13,94%"
Yemen,2024,$19101,-311,"-1,60%","-1,60%",0,"-13,94%"
Yemen,2025,$17401,-1700,"-8,90%","-8,90%",0,"-13,94%"
Zambia,2020,$18138,,,,,"59,39%"
Zambia,2021,$22096,3958,"21,82%","21,82%",1,"59,39%"
Zambia,2022,$29164,7068,"31,99%","31,99%",1,"59,39%"
Zambia,2023,$27578,-1586,"-5,44%","-5,44%",0,"59,39%"
Zambia,2024,$26326,-1252,"-4,54%","-4,54%",0,"59,39%"
Zambia,2025,$28910,2584,"9,82%","9,82%",1,"59,39%"
Zimbabwe,2020,$26878,,,,,"42,02%"
Zimbabwe,2021,$36016,9138,"34,00%","34,00%",1,"42,02%"
Zimbabwe,2022,$32613,-3403,"-9,45%","-9,45%",0,"42,02%"
Zimbabwe,2023,$35144,2531,"7,76%","7,76%",1,"42,02%"
Zimbabwe,2024,$35224,80,"0,23%","0,23%",1,"42,02%"
Zimbabwe,2025,$38172,2948,"8,37%","8,37%",1,"42,02%"
